id;createdat;updatedat;fullname;company;streetline_1;streetline_2;city;province;postalcode;phonenumber;defaultshippingaddress;defaultbillingaddress
1;2021-10-25T00:58:31;2021-10-25T07:24:15;Franc Future Lilangeni;hacking Kansas index;Solutions Chicken;Dakota Customer;Thalialand;Mandatory web-readiness;didactic Chips purple;bypass microchip;true;false
2;2021-10-25T07:36:47;2021-10-25T14:00:22;index Berkshire;China generating solution;capacitor;Pizza;East Kaia;navigate override SMTP;Alaska;Guilder;true;true
3;2021-10-24T20:16:38;2021-10-25T09:10:52;initiative Loan calculating;transmit;Rustic USB Quality-focused;Bacon morph;Riverside;National;Taka JBOD state;blue invoice;true;true
4;2021-10-25T07:50:30;2021-10-25T05:14:36;deposit clicks-and-mortar;out-of-the-box payment calculating;payment boliviano Garden;evolve Ramp;North Lou;Account;Personal calculating;Shoes;false;false
5;2021-10-25T13:30:03;2021-10-24T21:25:46;Grass-roots Identity;purple alarm;COM;Fully-configurable;Rowenaburgh;Unbranded Branding task-force;Gold;back Computers CSS;true;false
6;2021-10-25T11:19:29;2021-10-25T15:28:32;integrated Practical Factors;visionary Soft olive;Anguilla;Soft Beauty;Bernhardmouth;mint Ramp;Chicken killer cyan;channels;false;false
7;2021-10-25T06:13:37;2021-10-25T07:21:00;Frozen Specialist Granite;Jewelery;up Kids;Industrial USB;Lake Simeon;Fresh;Oklahoma system;open-source Hawaii;false;true
8;2021-10-25T15:59:43;2021-10-25T15:31:20;microchip Toys;Practical;action-items THX;Franc Dakota;Brianashire;user-facing District;South override Vermont;primary Unbranded olive;true;true
9;2021-10-25T06:39:17;2021-10-24T23:13:05;Health;Loan;defect Incredible blue;Savings;Corvallis;Stand-alone Frozen leverage;platforms Auto bypassing;digital core;false;true
10;2021-10-25T10:57:22;2021-10-24T20:30:28;calculating;leverage;Pennsylvania Account;transmitter Dynamic;North Marianeton;backing;harness calculate sensor;neural;false;true
